{"train/rewards/accuracies":0.862500011920929,"train/rewards/rejected":5.5869646072387695,"_wandb":{"runtime":9713},"train/rewards/chosen":11.219053268432617,"_timestamp":1.7471651637935214e+09,"_runtime":9713.155040243,"train/logits/rejected":-0.2145981788635254,"train/epoch":3,"_step":187,"train_samples_per_second":1.548,"train_steps_per_second":0.193,"train/grad_norm":14.283815383911133,"train/loss":0.3558,"train/logps/rejected":-291.80975341796875,"train/rewards/margins":5.632088661193848,"train/learning_rate":3.2e-09,"train/logits/chosen":-0.4674752652645111,"train_runtime":9691.7163,"train/global_step":1875,"train/logps/chosen":-274.70068359375,"total_flos":0,"train_loss":0.5252133456548055}