{"train_samples_per_second":1.498,"train/logits/rejected":-3.614100933074951,"_step":187,"train/loss":0.0721,"train/logps/rejected":-268.2290344238281,"train/global_step":1875,"_runtime":10055.098206684,"_wandb":{"runtime":10055},"train/rewards/rejected":2.407468795776367,"train_runtime":10015.5006,"train_loss":0.16533344399929045,"train/rewards/chosen":11.481722831726074,"total_flos":0,"train/rewards/margins":9.07425308227539,"train_steps_per_second":0.187,"train/rewards/accuracies":0.9624999761581421,"train/logps/chosen":-270.8382873535156,"train/logits/chosen":-3.5474789142608643,"train/epoch":3,"train/learning_rate":3.2e-09,"train/grad_norm":0.24543209373950958,"_timestamp":1.747165542909552e+09}