{"train_steps_per_second":0.481,"train/rewards/margins":13.154464721679688,"train/grad_norm":0.0002860229287762195,"train/loss":0.078,"_step":625,"train/logps/chosen":-391.72308349609375,"train/logits/rejected":-3.3532299995422363,"train/epoch":5,"train_loss":0.12409223373692482,"train/rewards/chosen":0.9986639022827148,"train/logps/rejected":-436.70330810546875,"total_flos":0,"train_runtime":12996.5952,"_runtime":13217.037756383,"train_samples_per_second":1.924,"_wandb":{"runtime":13217},"train/learning_rate":1.6000000000000002e-10,"train/logits/chosen":-3.332791566848755,"train/global_step":6250,"train/rewards/rejected":-12.155799865722656,"_timestamp":1.747085149523185e+09,"train/rewards/accuracies":0.949999988079071}