{"train/rewards/accuracies":0.9375,"train_loss":0.33224921798706053,"train_samples_per_second":2.155,"total_flos":0,"train/learning_rate":9.599999999999998e-09,"_timestamp":1.7472185451756408e+09,"_step":62,"_wandb":{"runtime":2375},"train/global_step":625,"train_runtime":2319.6718,"train/rewards/margins":2.782834768295288,"train/logits/chosen":-0.8311174511909485,"train_steps_per_second":0.269,"train/logits/rejected":-0.5958487391471863,"train/logps/rejected":-415.845703125,"train/loss":0.1806,"train/grad_norm":3.7417492866516113,"train/epoch":5,"_runtime":2375.225343274,"train/rewards/rejected":-2.803223133087158,"train/logps/chosen":-313.9474792480469,"train/rewards/chosen":-0.020388517528772354}