{"train/logits/chosen":-0.5871472358703613,"train/rewards/chosen":10.718062400817871,"train_runtime":8751.485,"train/rewards/accuracies":0.7124999761581421,"train_samples_per_second":1.714,"train/logps/rejected":-316.93133544921875,"train/logits/rejected":0.6820634603500366,"train/global_step":1875,"train_loss":0.6816428538004558,"train/loss":0.6469,"train/rewards/rejected":8.76011848449707,"train/logps/chosen":-212.71133422851562,"_runtime":8804.744685427,"train/epoch":3,"total_flos":0,"train/learning_rate":3.2e-09,"train_steps_per_second":0.214,"train/rewards/margins":1.957946538925171,"_timestamp":1.7471642555958087e+09,"_wandb":{"runtime":8805},"_step":187,"train/grad_norm":3.523526430130005}