{"train/mean_token_accuracy":0.7806583106517792,"train_runtime":2461.2831,"train_steps_per_second":0.317,"train/learning_rate":2.5641025641025643e-08,"train/loss":0.6461,"train/grad_norm":0.45752835273742676,"train_loss":0.7027782972042377,"train/num_tokens":1.2789557e+07,"_wandb":{"runtime":2546},"_runtime":2546.243528133,"total_flos":7.657409142860022e+17,"_step":78,"train/global_step":780,"train/epoch":4.9728,"_timestamp":1.747150861507303e+09,"train_samples_per_second":10.157}