{"train_samples_per_second":4.122,"train/logits/rejected":-0.20650029182434082,"train/rewards/chosen":0.26984912157058716,"train/learning_rate":1.92e-09,"total_flos":0,"train_runtime":6065.3818,"train_loss":0.2815736418914795,"train/logits/chosen":-0.3124515414237976,"_timestamp":1.746518398893693e+09,"_wandb":{"runtime":8448},"train/global_step":3125,"train/epoch":5,"train/logps/chosen":-420.498046875,"train_steps_per_second":0.515,"train/rewards/accuracies":0.9624999761581421,"_runtime":8447.996982302,"train/rewards/margins":4.030872821807861,"train/grad_norm":8.393553733825684,"train/logps/rejected":-413.368408203125,"_step":312,"train/rewards/rejected":-3.761023998260498,"train/loss":0.1735}