{"train/rewards/accuracies":0.987500011920929,"_timestamp":1.7472231683057888e+09,"train_steps_per_second":0.275,"_step":187,"train/rewards/rejected":-6.317282676696777,"train/logits/rejected":-0.7526581287384033,"train_loss":0.2000505732536316,"train/loss":0.0477,"train/logps/rejected":-442.60272216796875,"total_flos":0,"train/rewards/chosen":0.16428668797016144,"train_samples_per_second":2.203,"_wandb":{"runtime":6876},"train/logps/chosen":-288.3813781738281,"train/grad_norm":0.5760357975959778,"_runtime":6875.362268312,"train_runtime":6810.0426,"train/rewards/margins":6.481569766998291,"train/global_step":1875,"train/learning_rate":3.2e-09,"train/epoch":5,"train/logits/chosen":-0.9405997395515442}