{"_runtime":6920.068211509,"train/loss":0.0843,"train/rewards/margins":6.022653102874756,"train_steps_per_second":0.456,"train/learning_rate":1.92e-09,"train/global_step":3125,"train/logps/chosen":-420.3304748535156,"train/grad_norm":26.70900535583496,"_step":312,"train_samples_per_second":3.645,"train/logits/chosen":-3.416379451751709,"train_runtime":6858.6864,"_wandb":{"runtime":6920},"train/rewards/rejected":-5.277126312255859,"train/logits/rejected":-3.455547332763672,"train/logps/rejected":-358.2149963378906,"_timestamp":1.746525998388465e+09,"train/epoch":5,"train/rewards/accuracies":0.9750000238418579,"train_loss":0.22068954120635986,"total_flos":0,"train/rewards/chosen":0.7455276250839233}