{"train/mean_token_accuracy":0.7496848329901695,"train_steps_per_second":0.283,"train_loss":0.8364929963380863,"train/learning_rate":2.5641025641025643e-08,"_timestamp":1.747151252472883e+09,"_runtime":2827.629698025,"train_samples_per_second":9.062,"_wandb":{"runtime":2827},"train/epoch":4.9728,"_step":78,"train/loss":0.7585,"train/grad_norm":1.7095187902450562,"train/num_tokens":1.3835428e+07,"train/global_step":780,"total_flos":8.250464721552015e+17,"train_runtime":2758.8232}