{"_step":78,"train/epoch":4.9728,"train/mean_token_accuracy":0.7078657194972038,"train/grad_norm":0.6384683847427368,"train/global_step":780,"train/loss":0.9008,"train_runtime":2738.683,"train/num_tokens":1.2792945e+07,"_wandb":{"runtime":2787},"_runtime":2787.696968397,"train_loss":0.9657936340723282,"_timestamp":1.74715088238511e+09,"total_flos":8.125223821482394e+17,"train_samples_per_second":9.128,"train_steps_per_second":0.285,"train/learning_rate":2.5641025641025643e-08}