{"train/epoch":5,"_step":625,"train/logps/chosen":-399.4289245605469,"train_steps_per_second":0.494,"total_flos":0,"train/logits/rejected":-1.0205078125,"train_samples_per_second":1.976,"train/learning_rate":1.6000000000000002e-10,"train/logps/rejected":-442.0525817871094,"train_runtime":12652.2913,"train/global_step":6250,"train/rewards/accuracies":0.9750000238418579,"train/loss":0.0906,"train_loss":0.15167148164827376,"_timestamp":1.747084493054958e+09,"train/grad_norm":0.0003135788720101118,"train/rewards/chosen":0.48390522599220276,"train/rewards/margins":10.67701530456543,"train/logits/chosen":-1.0231820344924927,"_runtime":12820.218049517,"_wandb":{"runtime":12820},"train/rewards/rejected":-10.193110466003418}