{"_timestamp":1.747206112577476e+09,"train/logits/rejected":-0.5375035405158997,"_runtime":1455.880592553,"_wandb":{"runtime":1456},"train/logps/chosen":-326.33953857421875,"train/rewards/rejected":-1.187734842300415,"total_flos":0,"train/learning_rate":1.6e-08,"train/grad_norm":7.11742639541626,"train/loss":0.36,"train_samples_per_second":2.142,"train/rewards/accuracies":0.862500011920929,"_step":37,"train/rewards/margins":1.1200748682022095,"train_runtime":1400.8299,"train/global_step":375,"train/logps/rejected":-402.12200927734375,"train/epoch":3,"train/logits/chosen":-0.8034103512763977,"train_steps_per_second":0.268,"train/rewards/chosen":-0.06765998899936676,"train_loss":0.48247731558481854}