{"total_flos":0,"train_loss":0.17358338703371584,"train/rewards/accuracies":0.9750000238418579,"train_runtime":11291.99,"_timestamp":1.7470833459207306e+09,"train/logps/chosen":-300.0074462890625,"train/logits/rejected":-0.7703078389167786,"train_samples_per_second":2.214,"train/rewards/margins":9.839532852172852,"_runtime":11495.488491915,"train/grad_norm":0.0007853850838728249,"train/logits/chosen":-1.0648740530014038,"train/learning_rate":1.6000000000000002e-10,"train_steps_per_second":0.553,"train/epoch":5,"_step":625,"train/logps/rejected":-491.91131591796875,"_wandb":{"runtime":11496},"train/global_step":6250,"train/rewards/chosen":0.717796802520752,"train/rewards/rejected":-9.121735572814941,"train/loss":0.0634}