{"train/logps/chosen":-288.0841979980469,"train/logps/rejected":-441.6741638183594,"train/global_step":1875,"train/learning_rate":3.2e-09,"train_steps_per_second":0.273,"train_samples_per_second":2.184,"_timestamp":1.747213189787458e+09,"train/logits/chosen":-0.9608378410339355,"_wandb":{"runtime":6937},"train_loss":0.2023662849108378,"train/grad_norm":0.5473155975341797,"train/loss":0.0481,"train_runtime":6867.7064,"_runtime":6936.818630258,"train/rewards/rejected":-6.224421501159668,"train/rewards/chosen":0.19400563836097717,"_step":187,"train/logits/rejected":-0.7755178213119507,"train/rewards/accuracies":0.987500011920929,"train/rewards/margins":6.41842794418335,"total_flos":0,"train/epoch":5}